perf_metric,perf_metric_diff,names,method,perf_metric_name,seed,level
0.5401709401709401,0,Otu12,xgbTree,AUC,1,phylum
0.5533846153846154,-0.013213675213675224,Otu04,xgbTree,AUC,1,phylum
0.5647393162393162,-0.02456837606837603,Otu07,xgbTree,AUC,1,phylum
0.5483760683760683,-0.008205128205128198,Otu01,xgbTree,AUC,1,phylum
0.5318376068376068,0.008333333333333304,Otu02,xgbTree,AUC,1,phylum
0.5551153846153846,-0.014944444444444427,Otu06,xgbTree,AUC,1,phylum
0.5669871794871795,-0.026816239316239332,Otu03,xgbTree,AUC,1,phylum
0.5417564102564103,-0.0015854700854701642,Otu08,xgbTree,AUC,1,phylum
0.5483589743589744,-0.008188034188034266,Otu05,xgbTree,AUC,1,phylum
0.6076923076923076,0,Otu12,xgbTree,AUC,10,phylum
0.5846153846153846,0.023076923076922995,Otu02,xgbTree,AUC,10,phylum
0.6087264957264957,-0.0010341880341880882,Otu04,xgbTree,AUC,10,phylum
0.6064294871794872,0.0012628205128204506,Otu06,xgbTree,AUC,10,phylum
0.6043290598290598,0.00336324786324782,Otu03,xgbTree,AUC,10,phylum
0.5968717948717949,0.010820512820512773,Otu07,xgbTree,AUC,10,phylum
0.6113525641025641,-0.0036602564102564683,Otu05,xgbTree,AUC,10,phylum
0.6261175213675214,-0.01842521367521377,Otu01,xgbTree,AUC,10,phylum
0.5694551282051282,0.03823717948717942,Otu08,xgbTree,AUC,10,phylum
0.5781260683760684,0.012258547008547005,Otu07,xgbTree,AUC,100,phylum
0.5832094017094017,0.007175213675213676,Otu06,xgbTree,AUC,100,phylum
0.5849145299145299,0.0054700854700855395,Otu03,xgbTree,AUC,100,phylum
0.5950106837606838,-0.004626068376068382,Otu01,xgbTree,AUC,100,phylum
0.5961282051282051,-0.005743589743589683,Otu02,xgbTree,AUC,100,phylum
0.5907777777777777,-3.931623931623385e-4,Otu05,xgbTree,AUC,100,phylum
0.5903589743589744,2.5641025640954496e-5,Otu12,xgbTree,AUC,100,phylum
0.577525641025641,0.012858974358974429,Otu04,xgbTree,AUC,100,phylum
0.5481153846153846,0.04226923076923084,Otu08,xgbTree,AUC,100,phylum
0.5271709401709401,0.0753931623931624,Otu02,xgbTree,AUC,11,phylum
0.5781324786324786,0.024431623931623903,Otu08,xgbTree,AUC,11,phylum
0.6162606837606838,-0.013696581196581237,Otu01,xgbTree,AUC,11,phylum
0.5829358974358975,0.019628205128205067,Otu07,xgbTree,AUC,11,phylum
0.5955811965811966,0.0069829059829059625,Otu05,xgbTree,AUC,11,phylum
0.5741025641025641,0.028461538461538427,Otu04,xgbTree,AUC,11,phylum
0.6025641025641025,0,Otu12,xgbTree,AUC,11,phylum
0.6055192307692308,-0.0029551282051282213,Otu03,xgbTree,AUC,11,phylum
0.6275,-0.024935897435897414,Otu06,xgbTree,AUC,11,phylum
0.514508547008547,0.06967948717948724,Otu02,xgbTree,AUC,12,phylum
0.5841880341880342,0,Otu12,xgbTree,AUC,12,phylum
0.5836025641025642,5.854700854700523e-4,Otu07,xgbTree,AUC,12,phylum
0.6278504273504274,-0.043662393162393176,Otu03,xgbTree,AUC,12,phylum
0.5762521367521367,0.00793589743589751,Otu05,xgbTree,AUC,12,phylum
0.5855299145299145,-0.0013418803418803193,Otu01,xgbTree,AUC,12,phylum
0.5680384615384615,0.01614957264957273,Otu08,xgbTree,AUC,12,phylum
0.5896452991452992,-0.005457264957264951,Otu06,xgbTree,AUC,12,phylum
0.6054572649572649,-0.021269230769230707,Otu04,xgbTree,AUC,12,phylum
0.5105470085470085,0.05013675213675217,Otu08,xgbTree,AUC,13,phylum
0.5763931623931624,-0.015709401709401716,Otu03,xgbTree,AUC,13,phylum
0.5653162393162393,-0.0046324786324786205,Otu05,xgbTree,AUC,13,phylum
0.5241239316239317,0.03655982905982902,Otu02,xgbTree,AUC,13,phylum
0.5589017094017094,0.0017820512820513335,Otu07,xgbTree,AUC,13,phylum
0.5581538461538461,0.0025299145299145787,Otu06,xgbTree,AUC,13,phylum
0.5685940170940171,-0.007910256410256444,Otu04,xgbTree,AUC,13,phylum
0.5566965811965813,0.003987179487179415,Otu12,xgbTree,AUC,13,phylum
0.5428205128205128,0.01786324786324789,Otu01,xgbTree,AUC,13,phylum
0.6482905982905983,0,Otu12,xgbTree,AUC,14,phylum
0.6422008547008546,0.006089743589743679,Otu01,xgbTree,AUC,14,phylum
0.6628247863247863,-0.014534188034187934,Otu03,xgbTree,AUC,14,phylum
0.6388547008547009,0.009435897435897456,Otu04,xgbTree,AUC,14,phylum
0.6257008547008547,0.02258974358974364,Otu07,xgbTree,AUC,14,phylum
0.6258162393162393,0.02247435897435901,Otu06,xgbTree,AUC,14,phylum
0.5533226495726495,0.09496794871794878,Otu02,xgbTree,AUC,14,phylum
0.6417478632478633,0.0065427350427350595,Otu05,xgbTree,AUC,14,phylum
0.6427863247863247,0.005504273504273627,Otu08,xgbTree,AUC,14,phylum
0.6168803418803419,-0.0066239316239316,Otu05,xgbTree,AUC,15,phylum
0.5799401709401709,0.03031623931623939,Otu07,xgbTree,AUC,15,phylum
0.561559829059829,0.04869658119658127,Otu02,xgbTree,AUC,15,phylum
0.5882008547008547,0.022055555555555606,Otu08,xgbTree,AUC,15,phylum
0.6089273504273504,0.0013290598290599531,Otu01,xgbTree,AUC,15,phylum
0.6150641025641026,-0.004807692307692291,Otu06,xgbTree,AUC,15,phylum
0.6102564102564103,0,Otu12,xgbTree,AUC,15,phylum
0.5901239316239316,0.02013247863247869,Otu03,xgbTree,AUC,15,phylum
0.6252863247863247,-0.015029914529914423,Otu04,xgbTree,AUC,15,phylum
0.5874273504273504,0.026247863247863323,Otu01,xgbTree,AUC,16,phylum
0.6002222222222222,0.013452991452991503,Otu07,xgbTree,AUC,16,phylum
0.5932692307692308,0.020405982905982945,Otu03,xgbTree,AUC,16,phylum
0.6115683760683761,0.0021068376068376082,Otu05,xgbTree,AUC,16,phylum
0.5367991452991453,0.07687606837606842,Otu08,xgbTree,AUC,16,phylum
0.6038547008547008,0.009820512820512883,Otu04,xgbTree,AUC,16,phylum
0.5863205128205128,0.02735470085470093,Otu02,xgbTree,AUC,16,phylum
0.6077991452991452,0.005876068376068466,Otu06,xgbTree,AUC,16,phylum
0.6180042735042734,-0.004329059829059734,Otu12,xgbTree,AUC,16,phylum
0.46005982905982906,0.05831623931623936,Otu02,xgbTree,AUC,17,phylum
0.524517094017094,-0.006141025641025588,Otu08,xgbTree,AUC,17,phylum
0.5268675213675214,-0.00849145299145293,Otu01,xgbTree,AUC,17,phylum
0.5309017094017094,-0.012525641025641021,Otu06,xgbTree,AUC,17,phylum
0.5391452991452992,-0.020769230769230762,Otu04,xgbTree,AUC,17,phylum
0.5296538461538461,-0.01127777777777772,Otu03,xgbTree,AUC,17,phylum
0.5253760683760684,-0.007000000000000006,Otu05,xgbTree,AUC,17,phylum
0.49055128205128207,0.027824786324786355,Otu07,xgbTree,AUC,17,phylum
0.5183760683760684,0,Otu12,xgbTree,AUC,17,phylum
0.6759636752136753,0.005446581196581146,Otu01,xgbTree,AUC,18,phylum
0.6320405982905983,0.0493696581196581,Otu08,xgbTree,AUC,18,phylum
0.6709252136752137,0.010485042735042693,Otu04,xgbTree,AUC,18,phylum
0.6143931623931624,0.06701709401709399,Otu02,xgbTree,AUC,18,phylum
0.6814102564102565,-1.1102230246251565e-16,Otu12,xgbTree,AUC,18,phylum
0.6555982905982906,0.025811965811965876,Otu07,xgbTree,AUC,18,phylum
0.6674423076923077,0.013967948717948708,Otu03,xgbTree,AUC,18,phylum
0.672767094017094,0.008643162393162429,Otu06,xgbTree,AUC,18,phylum
0.6887649572649572,-0.007354700854700802,Otu05,xgbTree,AUC,18,phylum
0.5729871794871795,-0.03281623931623934,Otu06,xgbTree,AUC,19,phylum
0.5302991452991452,0.009871794871794903,Otu03,xgbTree,AUC,19,phylum
0.5515299145299145,-0.011358974358974372,Otu05,xgbTree,AUC,19,phylum
0.5301666666666667,0.010004273504273464,Otu02,xgbTree,AUC,19,phylum
0.5466111111111112,-0.006440170940171019,Otu01,xgbTree,AUC,19,phylum
0.49187179487179483,0.04829914529914531,Otu08,xgbTree,AUC,19,phylum
0.5432222222222223,-0.0030512820512821337,Otu07,xgbTree,AUC,19,phylum
0.5384081196581196,0.0017628205128205066,Otu04,xgbTree,AUC,19,phylum
0.5401709401709401,0,Otu12,xgbTree,AUC,19,phylum
0.5803247863247862,0.00770940170940182,Otu05,xgbTree,AUC,2,phylum
0.5833717948717948,0.004662393162393252,Otu07,xgbTree,AUC,2,phylum
0.5942863247863248,-0.006252136752136761,Otu06,xgbTree,AUC,2,phylum
0.5266025641025641,0.061431623931623935,Otu08,xgbTree,AUC,2,phylum
0.5958803418803419,-0.007846153846153836,Otu01,xgbTree,AUC,2,phylum
0.5876495726495726,3.8461538461542766e-4,Otu12,xgbTree,AUC,2,phylum
0.5707948717948718,0.017239316239316294,Otu04,xgbTree,AUC,2,phylum
0.5970854700854701,-0.009051282051282028,Otu02,xgbTree,AUC,2,phylum
0.6107820512820513,-0.022747863247863265,Otu03,xgbTree,AUC,2,phylum
0.6259700854700855,0.0013803418803418621,Otu06,xgbTree,AUC,20,phylum
0.6013504273504273,0.026000000000000023,Otu07,xgbTree,AUC,20,phylum
0.6478290598290599,-0.020478632478632575,Otu03,xgbTree,AUC,20,phylum
0.5597735042735043,0.06757692307692309,Otu02,xgbTree,AUC,20,phylum
0.6164700854700854,0.010880341880341926,Otu01,xgbTree,AUC,20,phylum
0.6220299145299145,0.005320512820512824,Otu12,xgbTree,AUC,20,phylum
0.6393547008547009,-0.012004273504273577,Otu05,xgbTree,AUC,20,phylum
0.6092094017094017,0.0181410256410256,Otu04,xgbTree,AUC,20,phylum
0.5591239316239317,0.06822649572649564,Otu08,xgbTree,AUC,20,phylum
0.5680811965811966,0.004141025641025586,Otu01,xgbTree,AUC,21,phylum
0.5538376068376069,0.018384615384615333,Otu03,xgbTree,AUC,21,phylum
0.5722222222222222,0,Otu12,xgbTree,AUC,21,phylum
0.5216602564102564,0.050561965811965814,Otu02,xgbTree,AUC,21,phylum
0.583,-0.010777777777777775,Otu05,xgbTree,AUC,21,phylum
0.5334743589743589,0.03874786324786328,Otu08,xgbTree,AUC,21,phylum
0.5768247863247864,-0.0046025641025642106,Otu04,xgbTree,AUC,21,phylum
0.5742094017094017,-0.0019871794871795245,Otu06,xgbTree,AUC,21,phylum
0.5643205128205129,0.007901709401709311,Otu07,xgbTree,AUC,21,phylum
0.6370726495726495,0.0030982905982905873,Otu06,xgbTree,AUC,22,phylum
0.6295042735042735,0.010666666666666602,Otu01,xgbTree,AUC,22,phylum
0.5750213675213675,0.06514957264957266,Otu02,xgbTree,AUC,22,phylum
0.6401709401709401,0,Otu12,xgbTree,AUC,22,phylum
0.6417222222222222,-0.0015512820512820769,Otu04,xgbTree,AUC,22,phylum
0.641474358974359,-0.0013034188034188876,Otu05,xgbTree,AUC,22,phylum
0.6247094017094017,0.015461538461538415,Otu03,xgbTree,AUC,22,phylum
0.599991452991453,0.04017948717948716,Otu08,xgbTree,AUC,22,phylum
0.602059829059829,0.038111111111111096,Otu07,xgbTree,AUC,22,phylum
0.5606153846153846,0.007333333333333303,Otu08,xgbTree,AUC,23,phylum
0.595207264957265,-0.02725854700854702,Otu03,xgbTree,AUC,23,phylum
0.5571581196581197,0.010790598290598252,Otu01,xgbTree,AUC,23,phylum
0.5821153846153846,-0.01416666666666666,Otu12,xgbTree,AUC,23,phylum
0.5680427350427351,-9.401709401712921e-5,Otu05,xgbTree,AUC,23,phylum
0.49627136752136747,0.07167735042735046,Otu02,xgbTree,AUC,23,phylum
0.5420641025641025,0.025884615384615395,Otu07,xgbTree,AUC,23,phylum
0.5738376068376068,-0.0058888888888888324,Otu06,xgbTree,AUC,23,phylum
0.5579615384615384,0.009987179487179532,Otu04,xgbTree,AUC,23,phylum
0.5881623931623932,0.008418803418803411,Otu07,xgbTree,AUC,24,phylum
0.5926068376068376,0.003974358974358938,Otu03,xgbTree,AUC,24,phylum
0.5965811965811966,0,Otu12,xgbTree,AUC,24,phylum
0.5593482905982906,0.03723290598290596,Otu02,xgbTree,AUC,24,phylum
0.5342200854700855,0.06236111111111109,Otu08,xgbTree,AUC,24,phylum
0.5910106837606838,0.005570512820512796,Otu01,xgbTree,AUC,24,phylum
0.5841431623931623,0.012438034188034242,Otu06,xgbTree,AUC,24,phylum
0.594991452991453,0.0015897435897436196,Otu05,xgbTree,AUC,24,phylum
0.5960384615384615,5.427350427350541e-4,Otu04,xgbTree,AUC,24,phylum
0.5990128205128206,0.015517094017094002,Otu07,xgbTree,AUC,25,phylum
0.618482905982906,-0.003952991452991439,Otu05,xgbTree,AUC,25,phylum
0.5980811965811966,0.01644871794871794,Otu04,xgbTree,AUC,25,phylum
0.6192799145299145,-0.004749999999999921,Otu01,xgbTree,AUC,25,phylum
0.6143247863247864,2.0512820512819108e-4,Otu06,xgbTree,AUC,25,phylum
0.6146794871794872,-1.4957264957260463e-4,Otu12,xgbTree,AUC,25,phylum
0.5993333333333333,0.015196581196581294,Otu08,xgbTree,AUC,25,phylum
0.5947435897435898,0.019786324786324805,Otu02,xgbTree,AUC,25,phylum
0.5971196581196581,0.01741025641025651,Otu03,xgbTree,AUC,25,phylum
0.5517008547008547,0.036760683760683754,Otu08,xgbTree,AUC,26,phylum
0.5884615384615385,0,Otu12,xgbTree,AUC,26,phylum
0.5969017094017094,-0.00844017094017091,Otu03,xgbTree,AUC,26,phylum
0.5971196581196581,-0.008658119658119579,Otu07,xgbTree,AUC,26,phylum
0.5898547008547008,-0.0013931623931623394,Otu01,xgbTree,AUC,26,phylum
0.5932970085470085,-0.004835470085470028,Otu06,xgbTree,AUC,26,phylum
0.5687329059829059,0.019728632478632546,Otu02,xgbTree,AUC,26,phylum
0.5908269230769231,-0.0023653846153846025,Otu04,xgbTree,AUC,26,phylum
0.59675,-0.008288461538461522,Otu05,xgbTree,AUC,26,phylum
0.5867200854700855,-0.004027777777777741,Otu05,xgbTree,AUC,27,phylum
0.569861111111111,0.012831196581196691,Otu02,xgbTree,AUC,27,phylum
0.5759957264957265,0.0066965811965812305,Otu06,xgbTree,AUC,27,phylum
0.5828589743589743,-1.666666666665373e-4,Otu01,xgbTree,AUC,27,phylum
0.5813888888888888,0.0013034188034188876,Otu03,xgbTree,AUC,27,phylum
0.5674935897435898,0.015198717948717966,Otu04,xgbTree,AUC,27,phylum
0.6027564102564102,-0.020064102564102515,Otu07,xgbTree,AUC,27,phylum
0.582508547008547,1.83760683760692e-4,Otu12,xgbTree,AUC,27,phylum
0.5390897435897436,0.043602564102564134,Otu08,xgbTree,AUC,27,phylum
0.6532521367521368,0.010636752136752081,Otu01,xgbTree,AUC,28,phylum
0.6117136752136753,0.052175213675213605,Otu08,xgbTree,AUC,28,phylum
0.6587756410256411,0.0051132478632477385,Otu12,xgbTree,AUC,28,phylum
0.6391303418803419,0.02475854700854696,Otu07,xgbTree,AUC,28,phylum
0.6531452991452992,0.010743589743589688,Otu06,xgbTree,AUC,28,phylum
0.6051965811965812,0.05869230769230771,Otu02,xgbTree,AUC,28,phylum
0.6224059829059829,0.04148290598290594,Otu04,xgbTree,AUC,28,phylum
0.6563504273504273,0.007538461538461605,Otu05,xgbTree,AUC,28,phylum
0.6486431623931623,0.01524572649572653,Otu03,xgbTree,AUC,28,phylum
0.6774615384615384,0.0037350427350427706,Otu05,xgbTree,AUC,29,phylum
0.6486410256410257,0.03255555555555556,Otu04,xgbTree,AUC,29,phylum
0.683517094017094,-0.002320512820512821,Otu12,xgbTree,AUC,29,phylum
0.5759615384615384,0.1052350427350428,Otu02,xgbTree,AUC,29,phylum
0.6756282051282051,0.005568376068376124,Otu06,xgbTree,AUC,29,phylum
0.6963547008547009,-0.01515811965811964,Otu01,xgbTree,AUC,29,phylum
0.6835320512820513,-0.0023354700854700816,Otu03,xgbTree,AUC,29,phylum
0.6328076923076923,0.048388888888888926,Otu08,xgbTree,AUC,29,phylum
0.6557991452991453,0.025397435897435927,Otu07,xgbTree,AUC,29,phylum
0.5797521367521368,0.009350427350427348,Otu05,xgbTree,AUC,3,phylum
0.5601111111111111,0.028991452991453004,Otu02,xgbTree,AUC,3,phylum
0.6000021367521368,-0.010899572649572642,Otu04,xgbTree,AUC,3,phylum
0.5628995726495727,0.02620299145299143,Otu07,xgbTree,AUC,3,phylum
0.5596773504273505,0.02942521367521367,Otu08,xgbTree,AUC,3,phylum
0.5874188034188034,0.0016837606837607488,Otu06,xgbTree,AUC,3,phylum
0.5769059829059828,0.012196581196581291,Otu03,xgbTree,AUC,3,phylum
0.6014572649572649,-0.012354700854700806,Otu01,xgbTree,AUC,3,phylum
0.5891025641025641,0,Otu12,xgbTree,AUC,3,phylum
0.5976239316239316,0.039555555555555566,Otu02,xgbTree,AUC,30,phylum
0.6336132478632479,0.003566239316239228,Otu06,xgbTree,AUC,30,phylum
0.6353910256410257,0.001788461538461461,Otu05,xgbTree,AUC,30,phylum
0.6273290598290598,0.009850427350427293,Otu04,xgbTree,AUC,30,phylum
0.6473119658119658,-0.01013247863247868,Otu12,xgbTree,AUC,30,phylum
0.6005320512820513,0.0366474358974358,Otu03,xgbTree,AUC,30,phylum
0.6014059829059829,0.03577350427350423,Otu07,xgbTree,AUC,30,phylum
0.6241752136752137,0.013004273504273467,Otu01,xgbTree,AUC,30,phylum
0.6152991452991453,0.021880341880341825,Otu08,xgbTree,AUC,30,phylum
0.576017094017094,0.006888888888888944,Otu01,xgbTree,AUC,31,phylum
0.5776901709401709,0.005215811965812001,Otu03,xgbTree,AUC,31,phylum
0.5426794871794872,0.040226495726495726,Otu02,xgbTree,AUC,31,phylum
0.5225,0.06040598290598298,Otu08,xgbTree,AUC,31,phylum
0.5880940170940171,-0.005188034188034152,Otu06,xgbTree,AUC,31,phylum
0.5805811965811966,0.0023247863247863876,Otu07,xgbTree,AUC,31,phylum
0.58290598290598294,0,Otu12,xgbTree,AUC,31,phylum
0.5858803418803419,-0.002974358974358937,Otu05,xgbTree,AUC,31,phylum
0.5676025641025642,0.015303418803418789,Otu04,xgbTree,AUC,31,phylum
0.5746623931623932,-0.008850427350427403,Otu06,xgbTree,AUC,32,phylum
0.5633782051282051,0.0024337606837606662,Otu03,xgbTree,AUC,32,phylum
0.5439423076923077,0.02186965811965813,Otu04,xgbTree,AUC,32,phylum
0.5695982905982906,-0.0037863247863247906,Otu01,xgbTree,AUC,32,phylum
0.5658119658119658,0,Otu12,xgbTree,AUC,32,phylum
0.5519059829059829,0.013905982905982883,Otu07,xgbTree,AUC,32,phylum
0.5787777777777777,-0.012965811965811924,Otu05,xgbTree,AUC,32,phylum
0.5489444444444445,0.016867521367521343,Otu08,xgbTree,AUC,32,phylum
0.5467200854700854,0.019091880341880363,Otu02,xgbTree,AUC,32,phylum
0.5863888888888888,0.05079059829059829,Otu08,xgbTree,AUC,33,phylum
0.6337521367521367,0.0034273504273504285,Otu06,xgbTree,AUC,33,phylum
0.6439273504273504,-0.0067478632478632505,Otu04,xgbTree,AUC,33,phylum
0.6192649572649572,0.01791452991452991,Otu01,xgbTree,AUC,33,phylum
0.5970491452991453,0.04013034188034181,Otu02,xgbTree,AUC,33,phylum
0.5978547008547008,0.03932478632478631,Otu07,xgbTree,AUC,33,phylum
0.6367307692307692,4.487179487179249e-4,Otu12,xgbTree,AUC,33,phylum
0.6108461538461538,0.02633333333333332,Otu03,xgbTree,AUC,33,phylum
0.6519636752136752,-0.014784188034188017,Otu05,xgbTree,AUC,33,phylum
0.5377606837606838,-5.811965811965969e-4,Otu01,xgbTree,AUC,34,phylum
0.5371794871794872,0,Otu12,xgbTree,AUC,34,phylum
0.526017094017094,0.011162393162393203,Otu02,xgbTree,AUC,34,phylum
0.5249786324786325,0.012200854700854635,Otu07,xgbTree,AUC,34,phylum
0.539352564102564,-0.0021730769230768887,Otu04,xgbTree,AUC,34,phylum
0.5147307692307692,0.022448717948717944,Otu08,xgbTree,AUC,34,phylum
0.5643589743589744,-0.02717948717948726,Otu03,xgbTree,AUC,34,phylum
0.5356517094017094,0.0015277777777777946,Otu06,xgbTree,AUC,34,phylum
0.5541773504273505,-0.016997863247863343,Otu05,xgbTree,AUC,34,phylum
0.496224358974359,9.978632478632177e-4,Otu06,xgbTree,AUC,35,phylum
0.49228418803418805,0.004938034188034179,Otu08,xgbTree,AUC,35,phylum
0.5219102564102563,-0.024688034188034114,Otu01,xgbTree,AUC,35,phylum
0.4974188034188034,-1.9658119658116924e-4,Otu03,xgbTree,AUC,35,phylum
0.4809444444444444,0.016277777777777835,Otu07,xgbTree,AUC,35,phylum
0.5161666666666667,-0.01894444444444443,Otu02,xgbTree,AUC,35,phylum
0.49769017094017093,-4.679487179486963e-4,Otu05,xgbTree,AUC,35,phylum
0.49281837606837603,0.004403846153846203,Otu04,xgbTree,AUC,35,phylum
0.49722222222222223,0,Otu12,xgbTree,AUC,35,phylum
0.6218910256410256,0.005459401709401734,Otu05,xgbTree,AUC,36,phylum
0.6222329059829059,0.005117521367521416,Otu06,xgbTree,AUC,36,phylum
0.6177542735042735,0.009596153846153865,Otu03,xgbTree,AUC,36,phylum
0.6100769230769231,0.01727350427350427,Otu04,xgbTree,AUC,36,phylum
0.6072735042735043,0.020076923076922992,Otu01,xgbTree,AUC,36,phylum
0.5805555555555556,0.04679487179487174,Otu07,xgbTree,AUC,36,phylum
0.6380790598290598,-0.010728632478632427,Otu02,xgbTree,AUC,36,phylum
0.5886410256410257,0.038709401709401625,Otu08,xgbTree,AUC,36,phylum
0.6273504273504273,0,Otu12,xgbTree,AUC,36,phylum
0.5447777777777777,-0.009735042735042665,Otu06,xgbTree,AUC,37,phylum
0.5210897435897436,0.013952991452991448,Otu07,xgbTree,AUC,37,phylum
0.5436837606837607,-0.008641025641025646,Otu02,xgbTree,AUC,37,phylum
0.5308547008547009,0.004188034188034151,Otu03,xgbTree,AUC,37,phylum
0.5428034188034188,-0.007760683760683729,Otu05,xgbTree,AUC,37,phylum
0.5219615384615385,0.013081196581196552,Otu04,xgbTree,AUC,37,phylum
0.5622136752136752,-0.027170940170940128,Otu01,xgbTree,AUC,37,phylum
0.5062222222222222,0.02882051282051279,Otu08,xgbTree,AUC,37,phylum
0.540594017094017,-0.005551282051281969,Otu12,xgbTree,AUC,37,phylum
0.5521837606837606,-0.011585470085470062,Otu01,xgbTree,AUC,38,phylum
0.5405982905982906,0,Otu12,xgbTree,AUC,38,phylum
0.5403418803418804,2.564102564102111e-4,Otu05,xgbTree,AUC,38,phylum
0.5194017094017094,0.021196581196581188,Otu07,xgbTree,AUC,38,phylum
0.5420299145299146,-0.0014316239316239932,Otu02,xgbTree,AUC,38,phylum
0.5481196581196581,-0.007521367521367561,Otu04,xgbTree,AUC,38,phylum
0.5650555555555555,-0.024457264957264968,Otu06,xgbTree,AUC,38,phylum
0.5226623931623932,0.017935897435897408,Otu03,xgbTree,AUC,38,phylum
0.5025683760683761,0.038029914529914444,Otu08,xgbTree,AUC,38,phylum
0.5395299145299145,0,Otu12,xgbTree,AUC,39,phylum
0.5304059829059828,0.009123931623931658,Otu03,xgbTree,AUC,39,phylum
0.5491217948717949,-0.00959188034188041,Otu02,xgbTree,AUC,39,phylum
0.5336987179487179,0.005831196581196574,Otu05,xgbTree,AUC,39,phylum
0.5339957264957265,0.005534188034188037,Otu04,xgbTree,AUC,39,phylum
0.5654230769230769,-0.025893162393162417,Otu01,xgbTree,AUC,39,phylum
0.5159572649572649,0.023572649572649595,Otu07,xgbTree,AUC,39,phylum
0.5261089743589743,0.013420940170940199,Otu08,xgbTree,AUC,39,phylum
0.5367884615384615,0.0027414529914530084,Otu06,xgbTree,AUC,39,phylum
0.6059594017094017,0.07053632478632488,Otu08,xgbTree,AUC,4,phylum
0.6517735042735043,0.0247222222222222,Otu03,xgbTree,AUC,4,phylum
0.6754957264957265,0.0010000000000000009,Otu12,xgbTree,AUC,4,phylum
0.645465811965812,0.03102991452991455,Otu07,xgbTree,AUC,4,phylum
0.6539123931623932,0.02258333333333329,Otu04,xgbTree,AUC,4,phylum
0.6951538461538462,-0.0186581196581197,Otu06,xgbTree,AUC,4,phylum
0.5909871794871795,0.08550854700854704,Otu02,xgbTree,AUC,4,phylum
0.688128205128205,-0.011632478632478516,Otu01,xgbTree,AUC,4,phylum
0.6726452991452991,0.003850427350427399,Otu05,xgbTree,AUC,4,phylum
0.5898717948717949,0.018247863247863205,Otu07,xgbTree,AUC,40,phylum
0.597431623931624,0.010688034188034101,Otu04,xgbTree,AUC,40,phylum
0.6034957264957265,0.004623931623931599,Otu06,xgbTree,AUC,40,phylum
0.6182136752136752,-0.010094017094017138,Otu05,xgbTree,AUC,40,phylum
0.5179017094017094,0.09021794871794864,Otu02,xgbTree,AUC,40,phylum
0.6153974358974359,-0.007277777777777827,Otu03,xgbTree,AUC,40,phylum
0.6084700854700854,-3.504273504273403e-4,Otu12,xgbTree,AUC,40,phylum
0.5863333333333334,0.021786324786324696,Otu08,xgbTree,AUC,40,phylum
0.6296666666666667,-0.02154700854700864,Otu01,xgbTree,AUC,40,phylum
0.6227713675213675,0.007997863247863224,Otu08,xgbTree,AUC,41,phylum
0.6139807692307692,0.016788461538461585,Otu03,xgbTree,AUC,41,phylum
0.6289807692307692,0.001788461538461572,Otu05,xgbTree,AUC,41,phylum
0.6359188034188034,-0.005149572649572609,Otu06,xgbTree,AUC,41,phylum
0.5798333333333333,0.05093589743589744,Otu02,xgbTree,AUC,41,phylum
0.622792735042735,0.007976495726495725,Otu01,xgbTree,AUC,41,phylum
0.6127863247863248,0.017982905982905972,Otu07,xgbTree,AUC,41,phylum
0.6307692307692307,0,Otu12,xgbTree,AUC,41,phylum
0.613111111111111,0.017658119658119698,Otu04,xgbTree,AUC,41,phylum
0.6953632478632479,0.014893162393162407,Otu01,xgbTree,AUC,42,phylum
0.7074444444444444,0.0028119658119658553,Otu05,xgbTree,AUC,42,phylum
0.7102564102564102,1.1102230246251565e-16,Otu12,xgbTree,AUC,42,phylum
0.673025641025641,0.03723076923076929,Otu07,xgbTree,AUC,42,phylum
0.6450470085470086,0.0652094017094017,Otu02,xgbTree,AUC,42,phylum
0.6862820512820512,0.023974358974359067,Otu04,xgbTree,AUC,42,phylum
0.6466068376068377,0.0636495726495726,Otu08,xgbTree,AUC,42,phylum
0.694076923076923,0.01617948717948725,Otu03,xgbTree,AUC,42,phylum
0.70208547008547,0.008170940170940333,Otu06,xgbTree,AUC,42,phylum
0.6214487179487179,0.03367948717948721,Otu08,xgbTree,AUC,43,phylum
0.6303247863247863,0.024803418803418853,Otu04,xgbTree,AUC,43,phylum
0.6592692307692307,-0.004141025641025586,Otu05,xgbTree,AUC,43,phylum
0.5844188034188034,0.07070940170940176,Otu02,xgbTree,AUC,43,phylum
0.6523247863247863,0.0028034188034188334,Otu07,xgbTree,AUC,43,phylum
0.6503205128205128,0.004807692307692291,Otu06,xgbTree,AUC,43,phylum
0.6472222222222221,0.007905982905982989,Otu01,xgbTree,AUC,43,phylum
0.6574871794871795,-0.002358974358974364,Otu03,xgbTree,AUC,43,phylum
0.6550470085470086,8.119658119654094e-5,Otu12,xgbTree,AUC,43,phylum
0.6286709401709402,0.013850427350427297,Otu01,xgbTree,AUC,44,phylum
0.6353333333333333,0.007188034188034154,Otu03,xgbTree,AUC,44,phylum
0.5762606837606837,0.06626068376068373,Otu08,xgbTree,AUC,44,phylum
0.6425213675213675,0,Otu12,xgbTree,AUC,44,phylum
0.6553888888888889,-0.01286752136752145,Otu04,xgbTree,AUC,44,phylum
0.6494957264957264,-0.006974358974358941,Otu06,xgbTree,AUC,44,phylum
0.6440448717948718,-0.0015235042735043391,Otu05,xgbTree,AUC,44,phylum
0.5747948717948718,0.0677264957264957,Otu02,xgbTree,AUC,44,phylum
0.63008547008547,0.012435897435897458,Otu07,xgbTree,AUC,44,phylum
0.6358333333333333,-0.003782051282051224,Otu05,xgbTree,AUC,45,phylum
0.6511111111111112,-0.01905982905982917,Otu03,xgbTree,AUC,45,phylum
0.6259230769230769,0.006128205128205111,Otu06,xgbTree,AUC,45,phylum
0.5991752136752136,0.03287606837606838,Otu02,xgbTree,AUC,45,phylum
0.5645769230769231,0.06747435897435894,Otu08,xgbTree,AUC,45,phylum
0.632051282051282,0,Otu12,xgbTree,AUC,45,phylum
0.6273717948717948,0.004679487179487185,Otu04,xgbTree,AUC,45,phylum
0.6200341880341881,0.012017094017093943,Otu07,xgbTree,AUC,45,phylum
0.639482905982906,-0.0074316239316239985,Otu01,xgbTree,AUC,45,phylum
0.5215299145299145,0.039153846153846206,Otu02,xgbTree,AUC,46,phylum
0.5762008547008547,-0.015517094017094002,Otu06,xgbTree,AUC,46,phylum
0.5578547008547009,0.002829059829059788,Otu01,xgbTree,AUC,46,phylum
0.545923076923077,0.014760683760683735,Otu04,xgbTree,AUC,46,phylum
0.547474358974359,0.013209401709401658,Otu08,xgbTree,AUC,46,phylum
0.5606837606837607,0,Otu12,xgbTree,AUC,46,phylum
0.5412393162393162,0.019444444444444486,Otu07,xgbTree,AUC,46,phylum
0.5564444444444444,0.004239316239316282,Otu03,xgbTree,AUC,46,phylum
0.5657008547008546,-0.005017094017093937,Otu05,xgbTree,AUC,46,phylum
0.6456452991452991,-7.735042735043107e-4,Otu12,xgbTree,AUC,47,phylum
0.5861752136752137,0.058696581196581055,Otu02,xgbTree,AUC,47,phylum
0.6060940170940171,0.03877777777777769,Otu07,xgbTree,AUC,47,phylum
0.6334166666666667,0.011455128205128062,Otu04,xgbTree,AUC,47,phylum
0.6414102564102564,0.003461538461538405,Otu01,xgbTree,AUC,47,phylum
0.575508547008547,0.06936324786324777,Otu08,xgbTree,AUC,47,phylum
0.6391495726495726,0.005722222222222184,Otu05,xgbTree,AUC,47,phylum
0.6605790598290597,-0.015707264957264933,Otu03,xgbTree,AUC,47,phylum
0.6364700854700854,0.008401709401709367,Otu06,xgbTree,AUC,47,phylum
0.6935427350427351,0.007311965811965693,Otu05,xgbTree,AUC,48,phylum
0.6440641025641025,0.05679059829059829,Otu02,xgbTree,AUC,48,phylum
0.6829786324786324,0.017876068376068366,Otu03,xgbTree,AUC,48,phylum
0.686551282051282,0.014303418803418788,Otu01,xgbTree,AUC,48,phylum
0.6984252136752137,0.0024294871794871,Otu06,xgbTree,AUC,48,phylum
0.6728076923076923,0.02804700854700848,Otu07,xgbTree,AUC,48,phylum
0.705076923076923,-0.004222222222222238,Otu12,xgbTree,AUC,48,phylum
0.6608076923076923,0.04004700854700849,Otu04,xgbTree,AUC,48,phylum
0.6599444444444444,0.04091025641025636,Otu08,xgbTree,AUC,48,phylum
0.5737329059829059,4.1239316239316537e-4,Otu05,xgbTree,AUC,49,phylum
0.5621538461538461,0.011991452991452989,Otu03,xgbTree,AUC,49,phylum
0.5833525641025641,-0.009207264957264982,Otu01,xgbTree,AUC,49,phylum
0.554232905982906,0.019912393162393127,Otu08,xgbTree,AUC,49,phylum
0.5390854700854701,0.03505982905982896,Otu02,xgbTree,AUC,49,phylum
0.5872948717948718,-0.013149572649572727,Otu06,xgbTree,AUC,49,phylum
0.5701858974358974,0.003959401709401678,Otu04,xgbTree,AUC,49,phylum
0.5741452991452991,0,Otu12,xgbTree,AUC,49,phylum
0.5363931623931624,0.037752136752136733,Otu07,xgbTree,AUC,49,phylum
0.6246965811965812,0.06120085470085468,Otu02,xgbTree,AUC,5,phylum
0.6564764957264957,0.029420940170940213,Otu03,xgbTree,AUC,5,phylum
0.6729487179487179,0.012948717948717992,Otu01,xgbTree,AUC,5,phylum
0.6303290598290598,0.05556837606837606,Otu08,xgbTree,AUC,5,phylum
0.6452564102564102,0.040641025641025674,Otu07,xgbTree,AUC,5,phylum
0.68908547008547,-0.00318803418803415,Otu05,xgbTree,AUC,5,phylum
0.672525641025641,0.013371794871794851,Otu04,xgbTree,AUC,5,phylum
0.6858974358974359,0,Otu12,xgbTree,AUC,5,phylum
0.6978803418803419,-0.011982905982905967,Otu06,xgbTree,AUC,5,phylum
0.6278888888888889,0.02424786324786321,Otu04,xgbTree,AUC,50,phylum
0.6314380341880341,0.020698717948718026,Otu07,xgbTree,AUC,50,phylum
0.6216688034188035,0.030467948717948667,Otu08,xgbTree,AUC,50,phylum
0.602440170940171,0.04969658119658116,Otu02,xgbTree,AUC,50,phylum
0.6321346153846154,0.0200021367521368,Otu03,xgbTree,AUC,50,phylum
0.6496260683760684,0.0025106837606837518,Otu12,xgbTree,AUC,50,phylum
0.6464209401709401,0.0057158119658120565,Otu06,xgbTree,AUC,50,phylum
0.6572478632478632,-0.005111111111111066,Otu01,xgbTree,AUC,50,phylum
0.6463952991452991,0.005741452991453011,Otu05,xgbTree,AUC,50,phylum
0.6736111111111112,-0.00395299145299155,Otu07,xgbTree,AUC,51,phylum
0.6818119658119659,-0.012153846153846293,Otu03,xgbTree,AUC,51,phylum
0.6744572649572649,-0.004799145299145269,Otu05,xgbTree,AUC,51,phylum
0.6583290598290599,0.01132905982905974,Otu06,xgbTree,AUC,51,phylum
0.6696581196581196,0,Otu12,xgbTree,AUC,51,phylum
0.5921538461538461,0.07750427350427347,Otu08,xgbTree,AUC,51,phylum
0.654380341880342,0.015277777777777612,Otu01,xgbTree,AUC,51,phylum
0.6484017094017094,0.02125641025641023,Otu04,xgbTree,AUC,51,phylum
0.5836282051282051,0.08602991452991449,Otu02,xgbTree,AUC,51,phylum
0.6200491452991453,0.11200213675213666,Otu02,xgbTree,AUC,52,phylum
0.7086452991452991,0.023405982905982947,Otu03,xgbTree,AUC,52,phylum
0.6256217948717948,0.10642948717948719,Otu08,xgbTree,AUC,52,phylum
0.7303846153846153,0.0016666666666667052,Otu05,xgbTree,AUC,52,phylum
0.732051282051282,0,Otu06,xgbTree,AUC,52,phylum
0.732051282051282,0,Otu12,xgbTree,AUC,52,phylum
0.7088397435897436,0.02321153846153845,Otu07,xgbTree,AUC,52,phylum
0.723474358974359,0.008576923076923038,Otu04,xgbTree,AUC,52,phylum
0.7355491452991453,-0.0034978632478632754,Otu01,xgbTree,AUC,52,phylum
0.6620811965811966,0.007576923076923037,Otu06,xgbTree,AUC,53,phylum
0.6217521367521368,0.0479059829059828,Otu08,xgbTree,AUC,53,phylum
0.6488974358974359,0.02076068376068374,Otu03,xgbTree,AUC,53,phylum
0.6518632478632479,0.017794871794871714,Otu04,xgbTree,AUC,53,phylum
0.7044188034188034,-0.03476068376068375,Otu05,xgbTree,AUC,53,phylum
0.6696581196581196,0,Otu12,xgbTree,AUC,53,phylum
0.6522350427350427,0.017423076923076875,Otu01,xgbTree,AUC,53,phylum
0.5832179487179487,0.08644017094017087,Otu02,xgbTree,AUC,53,phylum
0.6639615384615385,0.005696581196581119,Otu07,xgbTree,AUC,53,phylum
0.5790726495726496,0.012807692307692298,Otu07,xgbTree,AUC,54,phylum
0.5856089743589744,0.006271367521367477,Otu06,xgbTree,AUC,54,phylum
0.5299529914529915,0.061927350427350425,Otu02,xgbTree,AUC,54,phylum
0.6041111111111112,-0.012230769230769267,Otu03,xgbTree,AUC,54,phylum
0.603542735042735,-0.011662393162393148,Otu05,xgbTree,AUC,54,phylum
0.5805982905982906,0.011282051282051286,Otu04,xgbTree,AUC,54,phylum
0.586940170940171,0.0049401709401708516,Otu12,xgbTree,AUC,54,phylum
0.5721495726495727,0.01973076923076922,Otu08,xgbTree,AUC,54,phylum
0.5981495726495727,-0.006269230769230805,Otu01,xgbTree,AUC,54,phylum
0.6134957264957265,0.02240170940170938,Otu04,xgbTree,AUC,55,phylum
0.6237606837606837,0.012136752136752138,Otu03,xgbTree,AUC,55,phylum
0.6396410256410257,-0.0037435897435897925,Otu05,xgbTree,AUC,55,phylum
0.6356196581196581,2.777777777777102e-4,Otu01,xgbTree,AUC,55,phylum
0.6383717948717949,-0.002474358974358992,Otu12,xgbTree,AUC,55,phylum
0.6056410256410256,0.030256410256410238,Otu07,xgbTree,AUC,55,phylum
0.6025897435897436,0.03330769230769226,Otu02,xgbTree,AUC,55,phylum
0.6248333333333334,0.011064102564102507,Otu06,xgbTree,AUC,55,phylum
0.5691794871794872,0.06671794871794867,Otu08,xgbTree,AUC,55,phylum
0.6081923076923077,0.00932905982905985,Otu01,xgbTree,AUC,56,phylum
0.6062478632478632,0.011273504273504376,Otu08,xgbTree,AUC,56,phylum
0.6080598290598291,0.00946153846153841,Otu03,xgbTree,AUC,56,phylum
0.5615128205128205,0.05600854700854707,Otu07,xgbTree,AUC,56,phylum
0.5610320512820512,0.0564893162393163,Otu02,xgbTree,AUC,56,phylum
0.6108803418803419,0.006641025641025644,Otu05,xgbTree,AUC,56,phylum
0.6262350427350427,-0.008713675213675165,Otu06,xgbTree,AUC,56,phylum
0.5900042735042735,0.027517094017094013,Otu04,xgbTree,AUC,56,phylum
0.6175213675213675,0,Otu12,xgbTree,AUC,56,phylum
0.6072606837606838,0.09872222222222227,Otu02,xgbTree,AUC,57,phylum
0.6837094017094018,0.022273504273504274,Otu01,xgbTree,AUC,57,phylum
0.6887435897435897,0.017239316239316294,Otu04,xgbTree,AUC,57,phylum
0.7071239316239315,-0.0011410256410254727,Otu03,xgbTree,AUC,57,phylum
0.6666111111111112,0.039371794871794874,Otu07,xgbTree,AUC,57,phylum
0.7057307692307693,2.521367521367557e-4,Otu12,xgbTree,AUC,57,phylum
0.6937649572649572,0.01221794871794879,Otu06,xgbTree,AUC,57,phylum
0.6553376068376069,0.05064529914529914,Otu08,xgbTree,AUC,57,phylum
0.693568376068376,0.01241452991453007,Otu05,xgbTree,AUC,57,phylum
0.6776260683760684,0.013826923076923014,Otu03,xgbTree,AUC,58,phylum
0.6893269230769231,0.002126068376068324,Otu05,xgbTree,AUC,58,phylum
0.6819358974358974,0.009517094017093997,Otu06,xgbTree,AUC,58,phylum
0.6320042735042735,0.05944871794871798,Otu02,xgbTree,AUC,58,phylum
0.6352948717948718,0.056158119658119676,Otu07,xgbTree,AUC,58,phylum
0.6949786324786325,-0.003525641025641013,Otu01,xgbTree,AUC,58,phylum
0.6837692307692308,0.007683760683760643,Otu04,xgbTree,AUC,58,phylum
0.6911153846153846,3.3760683760686305e-4,Otu12,xgbTree,AUC,58,phylum
0.6214871794871795,0.06996581196581197,Otu08,xgbTree,AUC,58,phylum
0.6214957264957265,0.003717948717948727,Otu03,xgbTree,AUC,59,phylum
0.6338547008547009,-0.008641025641025646,Otu01,xgbTree,AUC,59,phylum
0.5804145299145299,0.044799145299145304,Otu08,xgbTree,AUC,59,phylum
0.6258739316239317,-6.602564102564656e-4,Otu05,xgbTree,AUC,59,phylum
0.6252136752136752,0,Otu12,xgbTree,AUC,59,phylum
0.5763653846153847,0.048848290598290545,Otu02,xgbTree,AUC,59,phylum
0.6103931623931623,0.014820512820512888,Otu07,xgbTree,AUC,59,phylum
0.6133226495726496,0.011891025641025621,Otu06,xgbTree,AUC,59,phylum
0.6243354700854701,8.78205128205134e-4,Otu04,xgbTree,AUC,59,phylum
0.617542735042735,-0.03207264957264955,Otu05,xgbTree,AUC,6,phylum
0.556923076923077,0.028547008547008534,Otu02,xgbTree,AUC,6,phylum
0.5853504273504274,1.196581196580837e-4,Otu12,xgbTree,AUC,6,phylum
0.579542735042735,0.005927350427350486,Otu06,xgbTree,AUC,6,phylum
0.5773931623931624,0.008076923076923093,Otu04,xgbTree,AUC,6,phylum
0.5681794871794872,0.017290598290598314,Otu07,xgbTree,AUC,6,phylum
0.566602564102564,0.018867521367521456,Otu03,xgbTree,AUC,6,phylum
0.5799316239316239,0.005538461538461603,Otu01,xgbTree,AUC,6,phylum
0.5539529914529915,0.031517094017094016,Otu08,xgbTree,AUC,6,phylum
0.5058504273504273,0.032611111111111146,Otu03,xgbTree,AUC,60,phylum
0.527940170940171,0.010521367521367453,Otu08,xgbTree,AUC,60,phylum
0.5248290598290598,0.013632478632478628,Otu02,xgbTree,AUC,60,phylum
0.5952094017094017,-0.056747863247863295,Otu05,xgbTree,AUC,60,phylum
0.510991452991453,0.027470085470085448,Otu07,xgbTree,AUC,60,phylum
0.5192478632478632,0.01921367521367523,Otu04,xgbTree,AUC,60,phylum
0.5384615384615384,0,Otu12,xgbTree,AUC,60,phylum
0.530448717948718,0.008012820512820484,Otu06,xgbTree,AUC,60,phylum
0.5449807692307692,-0.006519230769230777,Otu01,xgbTree,AUC,60,phylum
0.5814529914529915,0.018547008547008526,Otu07,xgbTree,AUC,61,phylum
0.5997777777777777,2.2222222222223476e-4,Otu12,xgbTree,AUC,61,phylum
0.5481666666666666,0.0518333333333334,Otu02,xgbTree,AUC,61,phylum
0.5741752136752136,0.025824786324786353,Otu08,xgbTree,AUC,61,phylum
0.6268931623931624,-0.026893162393162418,Otu01,xgbTree,AUC,61,phylum
0.5782307692307692,0.021769230769230763,Otu04,xgbTree,AUC,61,phylum
0.6198974358974358,-0.019897435897435867,Otu06,xgbTree,AUC,61,phylum
0.6201837606837607,-0.02018376068376071,Otu05,xgbTree,AUC,61,phylum
0.5838931623931624,0.01610683760683762,Otu03,xgbTree,AUC,61,phylum
0.6886837606837607,0.0014871794871794686,Otu06,xgbTree,AUC,62,phylum
0.6793354700854701,0.010835470085470034,Otu03,xgbTree,AUC,62,phylum
0.6819145299145299,0.008256410256410218,Otu05,xgbTree,AUC,62,phylum
0.6404017094017094,0.04976923076923079,Otu07,xgbTree,AUC,62,phylum
0.69017094017094,1.1102230246251565e-16,Otu12,xgbTree,AUC,62,phylum
0.6879829059829059,0.00218803418803426,Otu01,xgbTree,AUC,62,phylum
0.6068931623931624,0.08327777777777778,Otu08,xgbTree,AUC,62,phylum
0.6417457264957265,0.048425213675213685,Otu02,xgbTree,AUC,62,phylum
0.6698290598290597,0.020341880341880447,Otu04,xgbTree,AUC,62,phylum
0.5494551282051282,0.003963675213675244,Otu03,xgbTree,AUC,63,phylum
0.5480897435897436,0.005329059829059846,Otu02,xgbTree,AUC,63,phylum
0.5884444444444444,-0.035025641025640986,Otu01,xgbTree,AUC,63,phylum
0.5597350427350427,-0.006316239316239258,Otu05,xgbTree,AUC,63,phylum
0.5657692307692307,-0.01235042735042724,Otu06,xgbTree,AUC,63,phylum
0.5420726495726496,0.011346153846153895,Otu07,xgbTree,AUC,63,phylum
0.5534188034188035,0,Otu12,xgbTree,AUC,63,phylum
0.5394038461538462,0.014014957264957273,Otu04,xgbTree,AUC,63,phylum
0.5454188034188034,0.008000000000000007,Otu08,xgbTree,AUC,63,phylum
0.5559017094017095,0.0372606837606837,Otu08,xgbTree,AUC,64,phylum
0.5830384615384615,0.010123931623931659,Otu04,xgbTree,AUC,64,phylum
0.5818247863247863,0.011337606837606873,Otu03,xgbTree,AUC,64,phylum
0.5855,0.007662393162393144,Otu05,xgbTree,AUC,64,phylum
0.5979188034188034,-0.004756410256410271,Otu01,xgbTree,AUC,64,phylum
0.5855726495726495,0.007589743589743625,Otu06,xgbTree,AUC,64,phylum
0.5470405982905983,0.04612179487179491,Otu02,xgbTree,AUC,64,phylum
0.5671923076923077,0.025970085470085502,Otu07,xgbTree,AUC,64,phylum
0.5925897435897436,5.726495726495751e-4,Otu12,xgbTree,AUC,64,phylum
0.5911794871794871,0.01822222222222225,Otu03,xgbTree,AUC,65,phylum
0.573465811965812,0.03593589743589731,Otu07,xgbTree,AUC,65,phylum
0.6153760683760684,-0.005974358974359051,Otu06,xgbTree,AUC,65,phylum
0.5569102564102564,0.05249145299145297,Otu02,xgbTree,AUC,65,phylum
0.6067008547008547,0.0027008547008546824,Otu04,xgbTree,AUC,65,phylum
0.6249572649572649,-0.015555555555555545,Otu01,xgbTree,AUC,65,phylum
0.6160341880341881,-0.006632478632478733,Otu05,xgbTree,AUC,65,phylum
0.6094017094017093,0,Otu12,xgbTree,AUC,65,phylum
0.545602564102564,0.06379914529914532,Otu08,xgbTree,AUC,65,phylum
0.5695384615384615,0.011658119658119692,Otu07,xgbTree,AUC,66,phylum
0.5874508547008547,-0.006254273504273433,Otu05,xgbTree,AUC,66,phylum
0.6021388888888889,-0.02094230769230765,Otu04,xgbTree,AUC,66,phylum
0.5255833333333333,0.05561324786324795,Otu02,xgbTree,AUC,66,phylum
0.5455213675213675,0.03567521367521376,Otu08,xgbTree,AUC,66,phylum
0.5492393162393162,0.03195726495726503,Otu03,xgbTree,AUC,66,phylum
0.5811965811965812,0,Otu12,xgbTree,AUC,66,phylum
0.5752564102564102,0.0059401709401710745,Otu01,xgbTree,AUC,66,phylum
0.5788888888888889,0.002307692307692344,Otu06,xgbTree,AUC,66,phylum
0.5589444444444445,0.007722222222222186,Otu04,xgbTree,AUC,67,phylum
0.570059829059829,-0.003393162393162341,Otu01,xgbTree,AUC,67,phylum
0.5695811965811965,-0.0029145299145298953,Otu06,xgbTree,AUC,67,phylum
0.5796196581196581,-0.012952991452991447,Otu05,xgbTree,AUC,67,phylum
0.543525641025641,0.023141025641025603,Otu08,xgbTree,AUC,67,phylum
0.5157777777777778,0.05088888888888887,Otu02,xgbTree,AUC,67,phylum
0.5357350427350427,0.030931623931623964,Otu07,xgbTree,AUC,67,phylum
0.5539786324786324,0.012688034188034214,Otu03,xgbTree,AUC,67,phylum
0.5654017094017094,0.0012649572649572338,Otu12,xgbTree,AUC,67,phylum
0.6068504273504274,0.005970085470085484,Otu05,xgbTree,AUC,68,phylum
0.6128205128205129,0,Otu12,xgbTree,AUC,68,phylum
0.6054999999999999,0.007320512820512937,Otu03,xgbTree,AUC,68,phylum
0.6095811965811966,0.003239316239316281,Otu06,xgbTree,AUC,68,phylum
0.5260918803418804,0.0867286324786325,Otu02,xgbTree,AUC,68,phylum
0.6037115384615385,0.009108974358974398,Otu04,xgbTree,AUC,68,phylum
0.5607264957264957,0.052094017094017175,Otu08,xgbTree,AUC,68,phylum
0.6127521367521368,6.837606837606369e-5,Otu01,xgbTree,AUC,68,phylum
0.6412692307692308,-0.02844871794871795,Otu07,xgbTree,AUC,68,phylum
0.6130021367521368,-0.004882478632478704,Otu01,xgbTree,AUC,69,phylum
0.5921901709401709,0.015929487179487167,Otu03,xgbTree,AUC,69,phylum
0.5688269230769231,0.039292735042735005,Otu02,xgbTree,AUC,69,phylum
0.6296367521367521,-0.021517094017094007,Otu05,xgbTree,AUC,69,phylum
0.6075641025641025,5.555555555555314e-4,Otu06,xgbTree,AUC,69,phylum
0.5823205128205128,0.025799145299145287,Otu08,xgbTree,AUC,69,phylum
0.5926688034188033,0.015450854700854721,Otu07,xgbTree,AUC,69,phylum
0.6126452991452992,-0.004525641025641125,Otu04,xgbTree,AUC,69,phylum
0.6081196581196581,0,Otu12,xgbTree,AUC,69,phylum
0.5865470085470086,-0.011333333333333417,Otu03,xgbTree,AUC,7,phylum
0.5479358974358974,0.027277777777777734,Otu07,xgbTree,AUC,7,phylum
0.5475854700854701,0.027628205128205074,Otu04,xgbTree,AUC,7,phylum
0.5617179487179488,0.01349572649572639,Otu02,xgbTree,AUC,7,phylum
0.5853162393162393,-0.01010256410256416,Otu06,xgbTree,AUC,7,phylum
0.5873333333333334,-0.012119658119658205,Otu05,xgbTree,AUC,7,phylum
0.5752136752136752,0,Otu12,xgbTree,AUC,7,phylum
0.5053034188034188,0.06991025641025639,Otu08,xgbTree,AUC,7,phylum
0.5619188034188034,0.013294871794871765,Otu01,xgbTree,AUC,7,phylum
0.6044508547008547,-0.020690170940171004,Otu03,xgbTree,AUC,70,phylum
0.5801837606837607,0.003576923076923033,Otu06,xgbTree,AUC,70,phylum
0.5882820512820512,-0.004521367521367559,Otu05,xgbTree,AUC,70,phylum
0.5617564102564103,0.022004273504273364,Otu07,xgbTree,AUC,70,phylum
0.5837606837606837,0,Otu12,xgbTree,AUC,70,phylum
0.5047435897435897,0.079017094017094,Otu02,xgbTree,AUC,70,phylum
0.5838525641025641,-9.188034188045702e-5,Otu08,xgbTree,AUC,70,phylum
0.5873974358974359,-0.003636752136752186,Otu04,xgbTree,AUC,70,phylum
0.5693867521367522,0.014373931623931524,Otu01,xgbTree,AUC,70,phylum
0.659931623931624,0.014854700854700864,Otu01,xgbTree,AUC,71,phylum
0.6568888888888889,0.017897435897435976,Otu07,xgbTree,AUC,71,phylum
0.6346837606837606,0.04010256410256419,Otu02,xgbTree,AUC,71,phylum
0.6470982905982906,0.027688034188034227,Otu04,xgbTree,AUC,71,phylum
0.6338504273504273,0.04093589743589754,Otu08,xgbTree,AUC,71,phylum
0.6633482905982906,0.01143803418803424,Otu06,xgbTree,AUC,71,phylum
0.6755128205128206,-7.264957264957461e-4,Otu12,xgbTree,AUC,71,phylum
0.6798461538461538,-0.005059829059828935,Otu03,xgbTree,AUC,71,phylum
0.6729529914529914,0.0018333333333334645,Otu05,xgbTree,AUC,71,phylum
0.6110384615384615,-0.01830341880341879,Otu03,xgbTree,AUC,72,phylum
0.5794059829059829,0.013329059829059853,Otu07,xgbTree,AUC,72,phylum
0.6085299145299146,-0.015794871794871823,Otu05,xgbTree,AUC,72,phylum
0.5652051282051282,0.02752991452991449,Otu02,xgbTree,AUC,72,phylum
0.5845213675213675,0.00821367521367522,Otu04,xgbTree,AUC,72,phylum
0.5922521367521367,4.829059829060123e-4,Otu01,xgbTree,AUC,72,phylum
0.5923547008547009,0.00038034188034186123,Otu06,xgbTree,AUC,72,phylum
0.5648504273504273,0.027884615384615397,Otu08,xgbTree,AUC,72,phylum
0.5927350427350427,0,Otu12,xgbTree,AUC,72,phylum
0.6089444444444445,0.03379059829059816,Otu07,xgbTree,AUC,73,phylum
0.6068247863247863,0.03591025641025636,Otu08,xgbTree,AUC,73,phylum
0.6457692307692308,-0.00303418803418809,Otu01,xgbTree,AUC,73,phylum
0.6436752136752136,-9.40170940170959e-4,Otu12,xgbTree,AUC,73,phylum
0.6194679487179487,0.023267094017093926,Otu03,xgbTree,AUC,73,phylum
0.6514764957264957,-0.008741452991453014,Otu04,xgbTree,AUC,73,phylum
0.6448376068376068,-0.002102564102564153,Otu05,xgbTree,AUC,73,phylum
0.6368290598290598,0.005905982905982876,Otu06,xgbTree,AUC,73,phylum
0.5591196581196581,0.08361538461538454,Otu02,xgbTree,AUC,73,phylum
0.6218931623931624,0.07511538461538458,Otu02,xgbTree,AUC,74,phylum
0.6970085470085469,1.1102230246251565e-16,Otu12,xgbTree,AUC,74,phylum
0.6982521367521367,-0.0012435897435897347,Otu07,xgbTree,AUC,74,phylum
0.6901153846153847,0.006893162393162289,Otu06,xgbTree,AUC,74,phylum
0.6949786324786325,0.0020299145299145227,Otu03,xgbTree,AUC,74,phylum
0.7037051282051281,-0.0066965811965811195,Otu05,xgbTree,AUC,74,phylum
0.6248888888888888,0.07211965811965815,Otu08,xgbTree,AUC,74,phylum
0.706474358974359,-0.009465811965811977,Otu01,xgbTree,AUC,74,phylum
0.6849914529914529,0.012017094017094054,Otu04,xgbTree,AUC,74,phylum
0.5462393162393162,0.025769230769230766,Otu08,xgbTree,AUC,75,phylum
0.5720128205128205,-4.273504273566431e-6,Otu01,xgbTree,AUC,75,phylum
0.5697329059829059,0.0022756410256410398,Otu05,xgbTree,AUC,75,phylum
0.572008547008547,0,Otu12,xgbTree,AUC,75,phylum
0.6295897435897436,-0.05758119658119665,Otu03,xgbTree,AUC,75,phylum
0.5511410256410256,0.020867521367521347,Otu02,xgbTree,AUC,75,phylum
0.5725192307692307,-5.1068376068375e-4,Otu06,xgbTree,AUC,75,phylum
0.5710705128205128,9.380341880341758e-4,Otu04,xgbTree,AUC,75,phylum
0.547491452991453,0.02451709401709401,Otu07,xgbTree,AUC,75,phylum
0.6586581196581197,-0.002675213675213728,Otu05,xgbTree,AUC,76,phylum
0.6472478632478632,0.008735042735042775,Otu01,xgbTree,AUC,76,phylum
0.6595320512820513,-0.0035491452991452954,Otu12,xgbTree,AUC,76,phylum
0.6723675213675213,-0.01638461538461533,Otu04,xgbTree,AUC,76,phylum
0.5758632478632478,0.08011965811965815,Otu02,xgbTree,AUC,76,phylum
0.6009786324786325,0.055004273504273504,Otu07,xgbTree,AUC,76,phylum
0.6478461538461537,0.008136752136752246,Otu03,xgbTree,AUC,76,phylum
0.607440170940171,0.048542735042734986,Otu08,xgbTree,AUC,76,phylum
0.6529444444444443,0.0030384615384616565,Otu06,xgbTree,AUC,76,phylum
0.5568162393162394,0.05130341880341871,Otu02,xgbTree,AUC,77,phylum
0.6344636752136752,-0.026344017094017125,Otu05,xgbTree,AUC,77,phylum
0.5874487179487179,0.020670940170940177,Otu08,xgbTree,AUC,77,phylum
0.614423076923077,-0.006303418803418892,Otu01,xgbTree,AUC,77,phylum
0.5971410256410256,0.01097863247863251,Otu07,xgbTree,AUC,77,phylum
0.6147307692307692,-0.006611111111111123,Otu06,xgbTree,AUC,77,phylum
0.6081196581196581,0,Otu12,xgbTree,AUC,77,phylum
0.6106196581196581,-0.0025000000000000577,Otu03,xgbTree,AUC,77,phylum
0.6089166666666667,-7.97008547008593e-4,Otu04,xgbTree,AUC,77,phylum
0.6504743589743589,0.02516666666666678,Otu04,xgbTree,AUC,78,phylum
0.610568376068376,0.06507264957264969,Otu07,xgbTree,AUC,78,phylum
0.6714999999999999,0.004141025641025808,Otu12,xgbTree,AUC,78,phylum
0.6317649572649572,0.0438760683760685,Otu02,xgbTree,AUC,78,phylum
0.6837051282051282,-0.008064102564102504,Otu05,xgbTree,AUC,78,phylum
0.673008547008547,0.0026324786324787297,Otu01,xgbTree,AUC,78,phylum
0.6542948717948718,0.021346153846153904,Otu03,xgbTree,AUC,78,phylum
0.6323290598290598,0.043311965811965836,Otu08,xgbTree,AUC,78,phylum
0.6878183760683761,-0.012177350427350464,Otu06,xgbTree,AUC,78,phylum
0.545707264957265,0.014762820512820518,Otu03,xgbTree,AUC,79,phylum
0.5177179487179487,0.04275213675213674,Otu08,xgbTree,AUC,79,phylum
0.5826431623931624,-0.022173076923076906,Otu07,xgbTree,AUC,79,phylum
0.5119273504273505,0.048542735042734986,Otu02,xgbTree,AUC,79,phylum
0.5604700854700855,0,Otu12,xgbTree,AUC,79,phylum
0.5534059829059829,0.0070641025641026145,Otu01,xgbTree,AUC,79,phylum
0.5443290598290599,0.016141025641025597,Otu06,xgbTree,AUC,79,phylum
0.538068376068376,0.02240170940170949,Otu04,xgbTree,AUC,79,phylum
0.5587136752136752,0.001756410256410268,Otu05,xgbTree,AUC,79,phylum
0.5044102564102564,-0.00398290598290596,Otu04,xgbTree,AUC,8,phylum
0.46697435897435896,0.033452991452991465,Otu07,xgbTree,AUC,8,phylum
0.5204957264957265,-0.02006837606837608,Otu02,xgbTree,AUC,8,phylum
0.49936324786324787,0.0010641025641025537,Otu12,xgbTree,AUC,8,phylum
0.5058290598290598,-0.005401709401709365,Otu08,xgbTree,AUC,8,phylum
0.506042735042735,-0.005615384615384578,Otu03,xgbTree,AUC,8,phylum
0.5148461538461538,-0.014418803418803416,Otu05,xgbTree,AUC,8,phylum
0.4976324786324786,0.0027948717948718116,Otu01,xgbTree,AUC,8,phylum
0.5097371794871794,-0.009309829059829022,Otu06,xgbTree,AUC,8,phylum
0.6325555555555555,-0.027854700854700876,Otu01,xgbTree,AUC,80,phylum
0.6016538461538462,0.0030470085470084562,Otu06,xgbTree,AUC,80,phylum
0.5797521367521368,0.02494871794871789,Otu04,xgbTree,AUC,80,phylum
0.592923076923077,0.011777777777777665,Otu02,xgbTree,AUC,80,phylum
0.5717136752136752,0.03298717948717944,Otu07,xgbTree,AUC,80,phylum
0.5854273504273504,0.01927350427350427,Otu03,xgbTree,AUC,80,phylum
0.6151217948717949,-0.010420940170940196,Otu05,xgbTree,AUC,80,phylum
0.5301410256410256,0.07455982905982905,Otu08,xgbTree,AUC,80,phylum
0.601991452991453,0.0027094017094017042,Otu12,xgbTree,AUC,80,phylum
0.572508547008547,-0.0015683760683761205,Otu03,xgbTree,AUC,81,phylum
0.5709401709401709,0,Otu05,xgbTree,AUC,81,phylum
0.5732884615384615,-0.002348290598290559,Otu01,xgbTree,AUC,81,phylum
0.5709401709401709,0,Otu06,xgbTree,AUC,81,phylum
0.5105021367521367,0.06043803418803417,Otu08,xgbTree,AUC,81,phylum
0.5753867521367522,-0.004446581196581256,Otu04,xgbTree,AUC,81,phylum
0.5828888888888888,-0.01194871794871788,Otu07,xgbTree,AUC,81,phylum
0.5236688034188034,0.04727136752136751,Otu02,xgbTree,AUC,81,phylum
0.568128205128205,0.0028119658119658553,Otu12,xgbTree,AUC,81,phylum
0.6346367521367521,0.013226495726495813,Otu01,xgbTree,AUC,82,phylum
0.6393547008547009,0.008508547008546974,Otu03,xgbTree,AUC,82,phylum
0.5963076923076923,0.05155555555555558,Otu08,xgbTree,AUC,82,phylum
0.6133461538461539,0.03451709401709402,Otu07,xgbTree,AUC,82,phylum
0.6500940170940172,-0.0022307692307692584,Otu12,xgbTree,AUC,82,phylum
0.6586837606837607,-0.010820512820512773,Otu05,xgbTree,AUC,82,phylum
0.6462179487179488,0.001645299145299095,Otu06,xgbTree,AUC,82,phylum
0.6262478632478632,0.021615384615384703,Otu04,xgbTree,AUC,82,phylum
0.6044188034188034,0.04344444444444451,Otu02,xgbTree,AUC,82,phylum
0.6287264957264957,-0.032786324786324816,Otu01,xgbTree,AUC,83,phylum
0.5676816239316239,0.02825854700854702,Otu02,xgbTree,AUC,83,phylum
0.5973482905982906,-0.0014081196581197108,Otu06,xgbTree,AUC,83,phylum
0.5959401709401709,0,Otu12,xgbTree,AUC,83,phylum
0.5486837606837607,0.04725641025641025,Otu07,xgbTree,AUC,83,phylum
0.6018504273504274,-0.0059102564102564425,Otu04,xgbTree,AUC,83,phylum
0.6001410256410257,-0.004200854700854739,Otu03,xgbTree,AUC,83,phylum
0.5496773504273504,0.04626282051282049,Otu08,xgbTree,AUC,83,phylum
0.5944038461538461,0.0015363247863248164,Otu05,xgbTree,AUC,83,phylum
0.5926602564102564,-0.00377136752136753,Otu03,xgbTree,AUC,84,phylum
0.5747564102564102,0.014132478632478684,Otu04,xgbTree,AUC,84,phylum
0.5786880341880342,0.010200854700854745,Otu06,xgbTree,AUC,84,phylum
0.5914294871794872,-0.0025405982905982727,Otu01,xgbTree,AUC,84,phylum
0.538991452991453,0.04989743589743589,Otu08,xgbTree,AUC,84,phylum
0.6213162393162392,-0.03242735042735034,Otu07,xgbTree,AUC,84,phylum
0.5888888888888889,0,Otu12,xgbTree,AUC,84,phylum
0.5336196581196581,0.05526923076923085,Otu02,xgbTree,AUC,84,phylum
0.6093974358974359,-0.020508547008546985,Otu05,xgbTree,AUC,84,phylum
0.5798247863247863,0.0017991452991452661,Otu12,xgbTree,AUC,85,phylum
0.5546068376068376,0.027017094017093957,Otu03,xgbTree,AUC,85,phylum
0.5995619658119657,-0.01793803418803419,Otu07,xgbTree,AUC,85,phylum
0.5710982905982906,0.010525641025640908,Otu06,xgbTree,AUC,85,phylum
0.5558974358974359,0.025726495726495657,Otu02,xgbTree,AUC,85,phylum
0.5350982905982906,0.04652564102564094,Otu08,xgbTree,AUC,85,phylum
0.5915576923076923,-0.009933760683760728,Otu01,xgbTree,AUC,85,phylum
0.5615277777777777,0.02009615384615382,Otu04,xgbTree,AUC,85,phylum
0.5955170940170941,-0.013893162393162517,Otu05,xgbTree,AUC,85,phylum
0.588965811965812,0.005692307692307663,Otu03,xgbTree,AUC,86,phylum
0.5927179487179487,0.00194017094017096,Otu05,xgbTree,AUC,86,phylum
0.6072777777777778,-0.01261965811965815,Otu01,xgbTree,AUC,86,phylum
0.5702136752136753,0.02444444444444438,Otu08,xgbTree,AUC,86,phylum
0.5917628205128205,0.0028952991452991794,Otu04,xgbTree,AUC,86,phylum
0.5946581196581197,0,Otu12,xgbTree,AUC,86,phylum
0.5574102564102564,0.03724786324786322,Otu02,xgbTree,AUC,86,phylum
0.6121688034188034,-0.017510683760683765,Otu07,xgbTree,AUC,86,phylum
0.5984508547008547,-0.0037927350427350293,Otu06,xgbTree,AUC,86,phylum
0.5778247863247863,0.026021367521367522,Otu07,xgbTree,AUC,87,phylum
0.6069252136752137,-0.0030790598290598714,Otu03,xgbTree,AUC,87,phylum
0.5739358974358975,0.029910256410256353,Otu08,xgbTree,AUC,87,phylum
0.6000277777777778,0.0038183760683759838,Otu06,xgbTree,AUC,87,phylum
0.6155897435897436,-0.0117435897435898,Otu04,xgbTree,AUC,87,phylum
0.6054722222222222,-0.0016260683760683792,Otu05,xgbTree,AUC,87,phylum
0.5688867521367521,0.034959401709401705,Otu02,xgbTree,AUC,87,phylum
0.6256388888888889,-0.021792735042735045,Otu01,xgbTree,AUC,87,phylum
0.6038461538461538,0,Otu12,xgbTree,AUC,87,phylum
0.5846538461538462,0.013423076923076871,Otu07,xgbTree,AUC,88,phylum
0.6038611111111111,-0.005784188034188009,Otu05,xgbTree,AUC,88,phylum
0.6011068376068376,-0.0030299145299145236,Otu06,xgbTree,AUC,88,phylum
0.5853547008547008,0.012722222222222301,Otu03,xgbTree,AUC,88,phylum
0.6310726495726496,-0.032995726495726574,Otu02,xgbTree,AUC,88,phylum
0.601474358974359,-0.0033974358974359076,Otu01,xgbTree,AUC,88,phylum
0.5355811965811966,0.062495726495726434,Otu04,xgbTree,AUC,88,phylum
0.5943717948717948,0.0037051282051282497,Otu12,xgbTree,AUC,88,phylum
0.5454380341880342,0.0526388888888889,Otu08,xgbTree,AUC,88,phylum
0.6423247863247863,4.1025641025638215e-4,Otu05,xgbTree,AUC,89,phylum
0.6004444444444444,0.042290598290598225,Otu07,xgbTree,AUC,89,phylum
0.6071666666666666,0.03556837606837604,Otu04,xgbTree,AUC,89,phylum
0.6426794871794871,5.5555555555586444e-5,Otu06,xgbTree,AUC,89,phylum
0.5712606837606837,0.07147435897435894,Otu02,xgbTree,AUC,89,phylum
0.5949529914529914,0.04778205128205126,Otu08,xgbTree,AUC,89,phylum
0.6427350427350427,0,Otu12,xgbTree,AUC,89,phylum
0.647457264957265,-0.004722222222222294,Otu03,xgbTree,AUC,89,phylum
0.6431666666666667,-4.3162393162399226e-4,Otu01,xgbTree,AUC,89,phylum
0.6547606837606839,0.0035726495726494667,Otu05,xgbTree,AUC,9,phylum
0.6639145299145299,-0.005581196581196601,Otu06,xgbTree,AUC,9,phylum
0.6452585470085469,0.013074786324786425,Otu03,xgbTree,AUC,9,phylum
0.6250705128205127,0.03326282051282059,Otu07,xgbTree,AUC,9,phylum
0.5778547008547008,0.08047863247863252,Otu08,xgbTree,AUC,9,phylum
0.6495619658119658,0.008771367521367535,Otu04,xgbTree,AUC,9,phylum
0.6583333333333333,0,Otu12,xgbTree,AUC,9,phylum
0.605767094017094,0.05256623931623927,Otu02,xgbTree,AUC,9,phylum
0.6637264957264958,-0.005393162393162454,Otu01,xgbTree,AUC,9,phylum
0.6617820512820513,0.02197863247863252,Otu04,xgbTree,AUC,90,phylum
0.6698675213675213,0.013893162393162517,Otu02,xgbTree,AUC,90,phylum
0.6204957264957265,0.06326495726495729,Otu08,xgbTree,AUC,90,phylum
0.6825940170940171,0.0011666666666666492,Otu01,xgbTree,AUC,90,phylum
0.6873760683760683,-0.003615384615384576,Otu05,xgbTree,AUC,90,phylum
0.6452564102564102,0.038504273504273545,Otu07,xgbTree,AUC,90,phylum
0.6752307692307693,0.008529914529914473,Otu06,xgbTree,AUC,90,phylum
0.6755769230769231,0.008183760683760699,Otu03,xgbTree,AUC,90,phylum
0.6837606837606838,0,Otu12,xgbTree,AUC,90,phylum
0.6147136752136751,0.015200854700854749,Otu03,xgbTree,AUC,91,phylum
0.6179871794871795,0.01192735042735038,Otu06,xgbTree,AUC,91,phylum
0.6229252136752137,0.006989316239316201,Otu04,xgbTree,AUC,91,phylum
0.6299145299145299,0,Otu12,xgbTree,AUC,91,phylum
0.6244059829059829,0.005508547008546971,Otu05,xgbTree,AUC,91,phylum
0.592809829059829,0.037104700854700856,Otu02,xgbTree,AUC,91,phylum
0.6137649572649573,0.01614957264957262,Otu08,xgbTree,AUC,91,phylum
0.5987008547008547,0.03121367521367524,Otu07,xgbTree,AUC,91,phylum
0.6079316239316239,0.021982905982905976,Otu01,xgbTree,AUC,91,phylum
0.5974059829059829,0.04618376068376073,Otu02,xgbTree,AUC,92,phylum
0.6435897435897436,0,Otu12,xgbTree,AUC,92,phylum
0.6196239316239316,0.023965811965812045,Otu07,xgbTree,AUC,92,phylum
0.6023034188034189,0.04128632478632477,Otu08,xgbTree,AUC,92,phylum
0.6388076923076923,0.004782051282051336,Otu04,xgbTree,AUC,92,phylum
0.638034188034188,0.005555555555555647,Otu05,xgbTree,AUC,92,phylum
0.61058547008547,0.033004273504273596,Otu01,xgbTree,AUC,92,phylum
0.6507051282051282,-0.0071153846153845235,Otu03,xgbTree,AUC,92,phylum
0.6513504273504274,-0.007760683760683729,Otu06,xgbTree,AUC,92,phylum
0.6767735042735044,0.006987179487179418,Otu01,xgbTree,AUC,93,phylum
0.6844316239316239,-6.709401709401597e-4,Otu05,xgbTree,AUC,93,phylum
0.7017820512820512,-0.018021367521367404,Otu04,xgbTree,AUC,93,phylum
0.6628098290598291,0.02095085470085467,Otu03,xgbTree,AUC,93,phylum
0.6353376068376069,0.0484230769230769,Otu02,xgbTree,AUC,93,phylum
0.6840042735042735,-2.4358974358973384e-4,Otu12,xgbTree,AUC,93,phylum
0.6537863247863248,0.02997435897435896,Otu07,xgbTree,AUC,93,phylum
0.6778376068376069,0.00592307692307692,Otu06,xgbTree,AUC,93,phylum
0.600491452991453,0.08326923076923076,Otu08,xgbTree,AUC,93,phylum
0.5253012820512821,0.06145085470085465,Otu02,xgbTree,AUC,94,phylum
0.604508547008547,-0.01775641025641017,Otu04,xgbTree,AUC,94,phylum
0.5644594017094017,0.0222927350427351,Otu08,xgbTree,AUC,94,phylum
0.5867521367521368,0,Otu12,xgbTree,AUC,94,phylum
0.5876602564102564,-9.081196581196549e-4,Otu05,xgbTree,AUC,94,phylum
0.5703696581196581,0.01638247863247866,Otu03,xgbTree,AUC,94,phylum
0.5782521367521367,0.008500000000000063,Otu07,xgbTree,AUC,94,phylum
0.5876196581196581,-8.675213675213289e-4,Otu06,xgbTree,AUC,94,phylum
0.5842350427350427,0.0025170940170941014,Otu01,xgbTree,AUC,94,phylum
0.5818675213675213,0.0014658119658120805,Otu07,xgbTree,AUC,95,phylum
0.5951880341880341,-0.01185470085470075,Otu03,xgbTree,AUC,95,phylum
0.5872991452991453,-0.003965811965811916,Otu01,xgbTree,AUC,95,phylum
0.5912606837606837,-0.007927350427350377,Otu04,xgbTree,AUC,95,phylum
0.5344871794871795,0.04884615384615387,Otu08,xgbTree,AUC,95,phylum
0.5833333333333334,0,Otu12,xgbTree,AUC,95,phylum
0.6099102564102564,-0.026576923076923054,Otu06,xgbTree,AUC,95,phylum
0.5380384615384615,0.045294871794871905,Otu02,xgbTree,AUC,95,phylum
0.5942649572649572,-0.010931623931623835,Otu05,xgbTree,AUC,95,phylum
0.6765598290598291,0.019166666666666554,Otu01,xgbTree,AUC,96,phylum
0.6422991452991452,0.05342735042735047,Otu08,xgbTree,AUC,96,phylum
0.6398760683760684,0.055850427350427334,Otu07,xgbTree,AUC,96,phylum
0.7058547008547008,-0.010128205128205114,Otu05,xgbTree,AUC,96,phylum
0.693982905982906,0.0017435897435896797,Otu12,xgbTree,AUC,96,phylum
0.6764658119658119,0.019260683760683794,Otu04,xgbTree,AUC,96,phylum
0.6805555555555556,0.015170940170940117,Otu06,xgbTree,AUC,96,phylum
0.6493162393162393,0.04641025641025642,Otu03,xgbTree,AUC,96,phylum
0.636559829059829,0.0591666666666667,Otu02,xgbTree,AUC,96,phylum
0.6744145299145299,0.07045726495726501,Otu08,xgbTree,AUC,97,phylum
0.736207264957265,0.008664529914529928,Otu01,xgbTree,AUC,97,phylum
0.7440320512820513,8.397435897435912e-4,Otu05,xgbTree,AUC,97,phylum
0.7448717948717949,0,Otu12,xgbTree,AUC,97,phylum
0.7387179487179487,0.006153846153846176,Otu06,xgbTree,AUC,97,phylum
0.6424102564102564,0.10246153846153849,Otu02,xgbTree,AUC,97,phylum
0.703568376068376,0.04130341880341892,Otu07,xgbTree,AUC,97,phylum
0.7406559829059829,0.004215811965812,Otu03,xgbTree,AUC,97,phylum
0.7295619658119658,0.015309829059829139,Otu04,xgbTree,AUC,97,phylum
0.6589273504273504,-0.0012350427350427129,Otu06,xgbTree,AUC,98,phylum
0.561440170940171,0.09625213675213673,Otu02,xgbTree,AUC,98,phylum
0.6576923076923077,0,Otu12,xgbTree,AUC,98,phylum
0.678974358974359,-0.021282051282051295,Otu05,xgbTree,AUC,98,phylum
0.6412692307692308,0.016423076923076874,Otu07,xgbTree,AUC,98,phylum
0.6525042735042734,0.005188034188034263,Otu03,xgbTree,AUC,98,phylum
0.6611752136752136,-0.003482905982905904,Otu01,xgbTree,AUC,98,phylum
0.6581153846153847,-4.230769230769704e-4,Otu04,xgbTree,AUC,98,phylum
0.5926410256410256,0.06505128205128208,Otu08,xgbTree,AUC,98,phylum
0.5304059829059828,0.008910256410256445,Otu01,xgbTree,AUC,99,phylum
0.5189700854700855,0.02034615384615379,Otu04,xgbTree,AUC,99,phylum
0.5989358974358975,-0.05961965811965819,Otu06,xgbTree,AUC,99,phylum
0.5283974358974359,0.010918803418803358,Otu07,xgbTree,AUC,99,phylum
0.5610897435897436,-0.02177350427350433,Otu05,xgbTree,AUC,99,phylum
0.5279871794871795,0.01132905982905974,Otu03,xgbTree,AUC,99,phylum
0.4792307692307692,0.060085470085470105,Otu02,xgbTree,AUC,99,phylum
0.5457820512820513,-0.006465811965811974,Otu08,xgbTree,AUC,99,phylum
0.5393162393162393,0,Otu12,xgbTree,AUC,99,phylum
